ID,Name,Age,Salary,Department
1,EVzFcQG,23,33827.01,Engineering
2,HNXAaWd,49,131486.56,Marketing
3,UtUQXAF,58,131415.38,Marketing
4,wKxwHUo,40,145248.77,HR
5,yNLzqLV,39,74477.78,Sales
6,nDhTuzJ,69,82864.01,Marketing
7,qhotYJv,25,87953.92,Marketing
8,jDCoJQR,43,71580.12,Finance
9,OmnQFuv,38,85288.0,Sales
10,DMdcojq,64,118232.51,Sales
11,eBtFZFL,37,65576.37,Sales
12,iItLKxk,61,132359.45,Sales
13,BtZcZHw,49,109542.41,Sales
14,eMJHclA,23,59234.01,Marketing
15,eUlZatb,40,121912.55,HR
16,yvgCxeW,37,107199.0,HR
17,NtMRNBf,64,80891.67,Sales
18,SzjPbUx,53,102283.29,HR
19,VOlWYcn,39,131706.83,Marketing
20,sZkOMEt,51,94636.2,Finance
21,FuAPfbn,55,34185.54,Marketing
22,rblKZYu,48,31203.08,HR
23,HeSFuDO,58,117259.03,Engineering
24,cRWymdL,49,75724.89,Engineering
25,VRMKnmX,47,49126.93,Engineering
26,WZFUBLi,52,89551.85,Marketing
27,UACLVVF,29,96735.0,Engineering
28,JoQgCnE,31,97204.32,Marketing
29,tVSGdyj,21,57646.19,Marketing
30,ErUEomh,30,115986.24,Finance
31,ejdaAvL,56,138316.43,Marketing
32,tltbLqy,65,82852.62,Marketing
33,WFOPsKH,24,60039.07,Engineering
34,ImjPfIT,44,57735.0,Sales
35,gkUWPbW,44,75147.37,Finance
36,BrMYdQk,52,42891.88,Marketing
37,GIEeFYI,33,49596.52,Engineering
38,JXRPabP,55,110911.86,Finance
39,iGDTXSm,52,75666.13,Marketing
40,vwzJpgx,43,121816.25,HR
41,XzXUpVv,52,136994.18,Engineering
42,lOpwRHr,33,137948.6,Sales
43,KPITqkS,32,149574.65,Sales
44,wxpzuaB,26,57008.1,Sales
45,YDAOvpZ,30,112176.3,Sales
46,FHoklTF,38,100882.33,HR
47,ZDjmmVU,52,92484.83,Engineering
48,qyppCrs,49,53185.77,Marketing
49,aABXoaA,42,108824.12,Marketing
50,PlFMmnd,66,105491.26,Marketing
51,qsmUwNe,58,144104.93,Finance
52,XihIvot,63,123330.49,Finance
53,gvgIvJT,27,68931.59,Sales
54,dqysUST,59,145149.08,Finance
55,VaUpmcY,42,99518.76,Engineering
56,DoDZkPU,38,39431.05,Engineering
57,LCWBiqn,30,43572.02,Finance
58,iNIZymO,19,125385.73,HR
59,IydQvbZ,37,52887.93,Engineering
60,bOBZHGc,61,117015.86,HR
61,kURGEho,52,58181.61,HR
62,OSigwZN,69,80496.03,Marketing
63,CRwuzLe,63,133861.29,Sales
64,GIFmFcI,33,35295.44,Sales
65,WRxvOwF,35,120849.57,HR
66,HhRJnwP,59,108462.42,Marketing
67,hDPfDEY,42,67342.45,Marketing
68,eAIyuiy,43,53466.21,HR
69,HPdojqv,63,147632.83,HR
70,GLdvEKH,70,98949.01,Engineering
71,jvHIZNr,62,86381.13,HR
72,MhWbRwQ,24,73810.47,HR
73,SGKCmWC,48,102646.4,Engineering
74,sUySLcV,25,121227.45,Finance
75,nselExP,70,47939.09,Engineering
76,cZyEbfo,60,92444.31,HR
77,rKlPXeo,62,118100.45,Sales
78,khqCCoW,58,102516.02,Engineering
79,JXspzGs,21,98042.59,Marketing
80,KijuhIi,66,134028.08,Sales
81,jfJVxwd,42,71944.43,Sales
82,MbiWUKr,25,77202.76,Marketing
83,oSOHXRK,20,60649.87,Finance
84,hekSsUP,68,145796.54,Finance
85,kXsJRDk,30,120249.71,HR
86,oktsxeh,40,137330.05,Sales
87,UZgkWVC,46,127232.59,Sales
88,DtxXziL,25,52901.98,Engineering
89,gjWXfGH,42,120666.06,Sales
90,NPFueOK,68,77529.88,Sales
91,FoUXIKL,23,43227.19,HR
92,ZZfHvhN,35,62930.41,Finance
93,iMjGZNQ,69,70742.89,Marketing
94,EDQPRLg,54,68926.04,HR
95,siKjSUY,47,62565.59,HR
96,yIcXjtS,61,75167.92,Finance
97,sJIrkeB,38,57191.09,Sales
98,cohnBrZ,21,89239.34,Marketing
99,SAJBave,68,53283.49,HR
100,wTfclli,42,73214.44,Marketing
101,dBsFdRG,29,51886.16,Marketing
102,fkfFaJp,44,43913.1,Finance
103,MiUJMus,29,77563.93,Marketing
104,rOtzAve,64,48382.77,Marketing
105,NuIffxi,65,120462.19,Engineering
106,DUXhWdH,49,149811.22,Sales
107,GslrWwZ,29,109816.43,Engineering
108,yeXtgsK,23,107782.49,Marketing
109,WQsgswH,67,141106.31,Marketing
110,UrvMniU,26,135252.58,Sales
111,riHVSHq,58,137895.28,HR
112,GndxzuK,21,148119.91,Finance
113,oXzZiqY,69,142618.96,Sales
114,JLNvsbp,26,86769.22,Marketing
115,hDrqLLs,39,37139.46,Marketing
116,kPCPEZS,27,54996.68,Engineering
117,sStTupj,66,115557.23,Marketing
118,PqvQplb,35,82548.67,Finance
119,TifccHe,49,81699.73,HR
120,nXeAJgO,57,147788.76,Sales
121,udigmIQ,67,125913.4,HR
122,cjgeaJA,45,40144.13,Sales
123,NohiuQl,56,52541.55,Engineering
124,lZMFCJg,35,98198.76,Finance
125,WwzlpKg,53,100795.02,Sales
126,ZmJaOlE,21,116569.13,Finance
127,dcizZOA,40,47325.41,Finance
128,kkwOhpJ,66,59697.0,Finance
129,HXGDQcQ,24,98466.58,Marketing
130,OiBRmKY,59,120180.01,HR
131,jCQCzGE,26,138668.45,Marketing
132,NjhwtXd,22,102120.72,Marketing
133,YAmYWYq,68,64713.21,Sales
134,rWBKZdO,35,61917.74,Sales
135,ElHEJdJ,20,102195.04,HR
136,cvWadxS,27,132745.16,Sales
137,pigHDse,37,82635.31,Engineering
138,XsdHjck,57,97791.03,Marketing
139,lDQTuhF,53,114061.48,Engineering
140,siQPDJC,68,76891.38,Engineering
141,gSbzTPN,43,49094.71,Finance
142,xcsJPoA,41,74545.7,Engineering
143,cCJxjFO,33,46794.78,Sales
144,wjeCkbg,43,142311.25,Marketing
145,NBIMuBg,59,87973.18,Sales
146,ffxctbd,46,101955.83,Marketing
147,oTflzri,60,146268.15,Engineering
148,lkpFlwA,62,101608.93,Engineering
149,utNvhWa,43,93916.59,Engineering
150,aSYoGnj,47,134076.46,Engineering
151,MQwOXrD,67,107729.0,Marketing
152,SuwRmic,38,142545.25,HR
153,njbWwMU,27,49882.49,Finance
154,BavKbac,31,130624.21,Engineering
155,DHUWkSd,68,48626.48,Finance
156,pIugcfi,44,31451.37,Engineering
157,MaXAPkg,23,49248.66,Marketing
158,EkVabpc,29,90342.64,Sales
159,CkYLoVw,45,113903.65,Sales
160,fuFnBwT,26,114752.25,Finance
161,lNxYqZt,32,139225.36,Finance
162,fugpIaL,26,144514.47,Finance
163,zKmpAhd,46,103238.0,Marketing
164,ifXcTZp,63,45922.04,HR
165,dvMkRUo,32,110775.4,Finance
166,vMjMQpS,27,135523.66,Sales
167,FamOqij,27,107395.92,Marketing
168,PuWhzjV,37,101125.73,Sales
169,bySZSLQ,35,76777.25,Marketing
170,LQuQrZQ,63,85692.05,HR
171,DkpVLoX,66,50372.48,Marketing
172,DyqjDEd,27,68643.0,Marketing
173,cnhBrDf,67,91576.32,Marketing
174,TAyWLpZ,29,31256.53,Sales
175,gZgHvcD,33,92339.85,Finance
176,IHbsLHe,36,124830.61,Sales
177,RFvqVWx,19,62814.0,HR
178,DIFenFN,24,143660.83,Marketing
179,BSNPvmf,52,99278.17,Marketing
180,VEAaCHT,37,88617.49,Marketing
181,KMbxpYI,38,100593.45,Marketing
182,SnalTrt,18,118107.94,Marketing
183,nJDcOUG,46,101978.81,Finance
184,gPyIxCK,65,112925.21,HR
185,AsVdSwU,45,39500.42,Marketing
186,yPyYppZ,44,73994.34,Sales
187,XVWqQZY,23,145782.04,Finance
188,nqTWPBu,30,67972.57,Sales
189,teRqzou,20,118517.87,Sales
190,LTTaikH,48,41521.67,HR
191,BcsYDjs,53,44651.85,HR
192,zmaXBsb,50,47774.74,Marketing
193,rlCNuGJ,46,134480.66,Engineering
194,uHDpDbn,54,109483.1,Marketing
195,GrDGnMo,31,110129.53,Sales
196,cksQhig,21,62939.61,Finance
197,CkXBPsF,22,140605.89,Marketing
198,YCZZJcE,55,101526.6,Marketing
199,JzfAEjr,64,99404.7,Engineering
200,QhoHiXn,18,67794.27,Finance
201,RhfQpnU,62,31606.18,Marketing
202,WBbRhAO,62,94456.32,Finance
203,pFZbrfT,21,89733.45,Marketing
204,tMurPFE,19,140238.55,HR
205,TfxwjPm,24,78893.78,HR
206,YObxzaT,19,90003.82,Finance
207,tpBMEjX,22,142929.35,Engineering
208,apEieMB,70,148661.96,Engineering
209,GqAtGir,31,31010.45,Marketing
210,USLhpiY,27,97625.68,Finance
211,rkFjska,54,44288.96,Finance
212,hAHvJmQ,35,144071.22,Sales
213,uPxyBqd,31,111460.4,Finance
214,QudjZwl,23,134958.27,Sales
215,DcIIxPN,34,61723.88,Engineering
216,gBASsJf,65,65292.15,Sales
217,KcrNGmp,30,116672.13,Marketing
218,XxRMnmS,44,78492.89,HR
219,TTUaPRO,35,39479.76,Finance
220,gklYGEs,56,60654.24,Engineering
221,wTGVWFL,39,144098.29,Finance
222,SEjfnDI,31,77327.29,HR
223,apHzYWA,31,52331.15,Finance
224,dvMGxyU,39,111499.88,Engineering
225,seMxywh,55,71642.57,Engineering
226,RTMYQQz,57,99029.45,Finance
227,oCDiXLe,45,117563.17,Marketing
228,sdyTJdZ,40,96299.42,Marketing
229,Gwwvjxd,53,67962.06,Sales
230,kMrZthV,56,93800.27,Finance
231,ELOTiaT,29,120054.47,Engineering
232,lranSDz,57,122427.99,Marketing
233,gPJKNoD,26,101814.36,Marketing
234,kLWCSNn,59,121626.98,HR
235,chalbTM,31,64472.5,Finance
236,ByHdkbL,32,118079.57,HR
237,cClHncp,42,77069.68,Sales
238,MidCtAU,46,67922.62,Marketing
239,HsOIXLk,32,133649.85,Engineering
240,MkGGTYE,20,129435.94,Finance
241,ihcaEeW,33,64358.92,Engineering
242,ehoygLg,21,116809.32,Finance
243,CvCeTIX,38,56789.87,Engineering
244,rNfsJtl,54,141150.5,Engineering
245,iTPztGp,29,138914.19,Marketing
246,kqlyLbF,30,47699.85,Engineering
247,jNZEgTV,65,112168.52,Engineering
248,ScjcKoq,39,145639.38,Marketing
249,sgOTjgU,65,34624.32,Finance
250,NNgNvwo,51,51929.8,Finance
251,hSWDaBR,41,120498.2,Engineering
252,Zakynxr,64,140999.84,Engineering
253,vOLbaGL,41,59741.4,HR
254,tKFVSsW,58,132967.67,Finance
255,eVsrVQF,20,67730.49,Engineering
256,mxRfqMi,45,49923.76,Engineering
257,QlOVuIa,45,80213.82,HR
258,ADKUlgA,18,51921.87,Sales
259,dUqgucB,42,148047.25,HR
260,kwhlZwh,24,52616.63,Engineering
261,zPslSVM,34,100998.96,Marketing
262,RMFarNu,65,96494.54,Engineering
263,eVQLyeb,58,123784.69,Sales
264,mLrbGfw,44,128084.91,HR
265,XSclrSy,62,93024.33,Marketing
266,EXmxnOI,28,75353.48,Marketing
267,jBOKpCf,67,74508.06,Finance
268,AhpDnyf,28,57779.35,Engineering
269,xSjOjcf,27,60720.97,Finance
270,MXuDZRw,65,66452.36,Finance
271,jxAwdLZ,33,62242.28,HR
272,anZBjIu,52,144942.04,Marketing
273,CeWRnes,29,124796.06,Finance
274,RufPRVt,59,106975.37,HR
275,GjhFtNv,41,44426.9,Marketing
276,FIoOaVL,40,129753.61,Sales
277,iNspFXO,31,120555.13,Finance
278,jZxXRYG,54,76596.24,Engineering
279,QVHNXfZ,57,36477.76,HR
280,QWzZRAo,65,77686.94,HR
281,MpmsZEv,22,131558.31,Finance
282,YjixBQm,63,125044.96,HR
283,ODkJFEk,41,97366.49,Sales
284,yIbiraw,67,45492.03,Sales
285,dkvyYJi,44,61941.87,Sales
286,QyvXybh,49,121131.56,Marketing
287,JaSHPgy,68,87697.69,Marketing
288,hYoKtnR,61,60838.87,Marketing
289,EJcRgDc,53,128424.85,HR
290,bHNRBqV,57,94370.33,Finance
291,jmliEZF,57,136549.95,Finance
292,DbRhHEW,18,129908.47,Sales
293,THzAMsM,58,77662.44,HR
294,JnsGeGu,30,132670.19,Sales
295,yGdVSvt,26,124357.14,Sales
296,EAKTSPb,63,48613.2,Marketing
297,iMXagXE,22,140733.27,Marketing
298,FiPriZa,31,133045.47,HR
299,SbRebjh,41,106456.63,HR
300,FoOoDvt,44,144560.84,HR
301,XGDYLAj,51,39941.69,Engineering
302,xZNEBfJ,37,125447.07,Marketing
303,qwfUrxA,68,103920.31,Marketing
304,AdTesOM,61,142040.53,Engineering
305,OTkLjPV,50,132938.94,Marketing
306,GGSZpUh,53,68205.0,Marketing
307,ehsHgEC,61,65636.01,Finance
308,cXcARpK,44,42711.07,Marketing
309,BayscjJ,21,71689.3,Engineering
310,xrQKAIT,61,116589.94,Finance
311,bcbxpUa,42,93680.44,Marketing
312,BKrJeZv,60,103907.65,Marketing
313,iRqqAsv,34,147808.6,Engineering
314,IOLeqve,21,52739.56,Sales
315,hQCvToV,64,128680.99,HR
316,TdgjkDD,60,121323.27,HR
317,EmghvDL,46,68989.54,Sales
318,BYONogM,61,70982.2,Sales
319,hoiUXnf,55,68568.35,Sales
320,hkyuEQy,52,87633.36,Marketing
321,bfDVJuX,32,149467.9,Marketing
322,wrbOwwP,63,30877.36,HR
323,vgWlDjZ,43,135602.26,Sales
324,LneJFXs,61,118835.28,Sales
325,pQEZjpY,64,139602.57,Sales
326,bvShCsL,30,44712.25,Marketing
327,kNySJty,52,46271.05,Finance
328,iTFFoOo,45,111822.1,Engineering
329,IxojfjZ,50,48771.81,Marketing
330,QVlrYNU,19,48512.13,Sales
331,IqtAnCW,28,68021.61,Sales
332,UPyQkal,33,78203.91,Marketing
333,ObWgymn,19,65813.02,Marketing
334,wqxfsYx,51,83752.03,Engineering
335,NzdarTp,54,126523.71,HR
336,FIIYXhS,35,69328.14,Finance
337,BprLXiF,34,55311.26,Marketing
338,NyqfChL,39,113016.27,Finance
339,pkfLpuX,19,30944.39,Engineering
340,aahtJFl,64,138587.71,Marketing
341,LaBaMCi,43,49090.81,Finance
342,JAdPqmf,40,118962.93,Finance
343,vmAqEUv,57,105590.31,Marketing
344,vfwLeOu,49,121435.28,Sales
345,OXYiyaf,25,131566.42,Engineering
346,UZuJHhh,39,89524.63,Engineering
347,dZtONbB,65,85315.79,Marketing
348,iTQEyqZ,45,143299.47,Sales
349,LhGwZyo,22,33545.94,Sales
350,AWZQbQF,20,35297.52,Engineering
351,xouuFjI,46,53315.75,Finance
352,urqCCtf,45,114272.05,Sales
353,iXaTDGq,37,134521.85,Marketing
354,pmOZagJ,46,93863.72,Finance
355,Uejlfrz,48,142151.02,Sales
356,vreZVtG,46,46384.82,Marketing
357,WttYAuN,61,54313.64,Sales
358,ZJrFDAm,23,41922.49,Sales
359,DsnAXFi,40,134215.1,Sales
360,EHagHRN,39,117750.28,Finance
361,fqRSvcj,44,116314.29,Engineering
362,TEXWBpD,56,72695.66,HR
363,kIqjNEQ,22,54590.37,Finance
364,dnRPqtu,37,101491.49,Finance
365,kZMUmwR,55,34495.69,Finance
366,ZILEiAB,39,110895.6,Engineering
367,giBerJI,68,77206.23,Sales
368,BpFizyk,19,50906.44,HR
369,OQlZYmz,23,51794.18,Sales
370,aqKDeVj,69,72102.97,Engineering
371,isVYeaU,56,51257.55,Finance
372,LDQeyHz,49,98757.28,Sales
373,qJjxDFJ,32,131425.32,HR
374,RBigTHD,49,41923.44,Finance
375,GcXoTmd,41,102507.54,Engineering
376,TsjsEZX,68,35109.29,Sales
377,lRmzdrm,27,39443.29,Marketing
378,MlSEmFR,60,74618.29,Finance
379,trSJQsz,52,32916.86,Sales
380,NAaQOxR,25,50934.89,Engineering
381,cmmnftN,58,93855.4,Finance
382,arMqipb,40,148771.59,Marketing
383,jDBwaAp,24,117706.14,Sales
384,vmUlyNv,61,69578.48,Marketing
385,tPDFMKS,56,92214.52,Marketing
386,KWdKETN,51,44391.23,Sales
387,kicVtWf,70,46981.51,Sales
388,BpbmBgE,32,42570.9,Marketing
389,hmAJiGQ,63,101836.1,Sales
390,lhAvXcs,29,85234.92,Finance
391,ykClmGZ,28,62406.0,Finance
392,qrrmrow,32,148863.79,Marketing
393,mNuwbPV,67,127196.65,Finance
394,mpGtSAn,52,102606.46,Marketing
395,ayllyNw,34,91575.09,Marketing
396,CawyBhb,51,146463.01,Sales
397,iUKbnlJ,24,53206.28,Finance
398,GVAZzhc,42,146929.89,Finance
399,XFNWpin,30,97789.4,Finance
400,FlBUzNG,54,111937.45,Sales
401,lwMVDwa,35,139450.58,Engineering
402,GOIZjvQ,44,33512.42,Sales
403,VkviqWk,44,130244.65,Sales
404,pNidDJi,39,121017.87,Sales
405,LMzQFUV,26,110845.32,Sales
406,PWLhEIz,51,140429.1,Finance
407,bWzFyGT,40,135458.02,Engineering
408,WwNCInP,34,60353.09,HR
409,vCHHDvQ,25,122192.16,Engineering
410,eSDPczw,65,50308.46,HR
411,UxuMAXd,66,79868.26,Finance
412,bOUbuOG,31,107658.91,Finance
413,aMMqfhl,25,149223.95,HR
414,FydpjXS,33,149846.62,Marketing
415,VdkimxS,43,88556.73,Sales
416,rbgQZMZ,35,86963.35,Marketing
417,psSEZXG,45,56416.78,Marketing
418,HANeroD,31,55435.01,Sales
419,MdpaEDz,34,32279.3,Sales
420,JXKlsiZ,24,99515.41,Finance
421,ZtVZull,36,149032.38,Sales
422,XKBiaDG,50,41114.89,HR
423,tNZlxjs,27,82602.12,Finance
424,tyhdsBv,20,109630.82,Marketing
425,fbVFLRW,30,72565.3,HR
426,dIywIeo,23,87641.98,Engineering
427,JMIfAGe,24,128160.5,Finance
428,HQOeLOJ,51,86985.62,Marketing
429,wQcKnjz,38,91050.67,HR
430,rHhSgwr,56,134536.81,Engineering
431,HxfstTk,43,88803.81,Marketing
432,fcWyPUi,19,66978.74,Finance
433,TCshKXM,42,31910.76,Sales
434,AuaqWyY,61,89171.54,HR
435,iMfPusk,59,105758.39,Engineering
436,xRoVOrj,33,47039.67,Marketing
437,ROuEfbq,61,138822.45,Finance
438,aFVxqyJ,53,121143.34,Sales
439,gjBRHPb,47,45416.34,Sales
440,XTvGvTD,34,62079.57,Engineering
441,bEpoWyK,63,146869.38,Marketing
442,Uyzabdt,40,148805.2,HR
443,cLeQOzA,49,39296.87,Sales
444,ZKohvdS,60,39201.89,Sales
445,ipuSPuf,63,129894.22,Engineering
446,wYaKfih,54,35234.21,Engineering
447,ZYZbPPW,37,125555.11,HR
448,dDIdNlQ,34,87737.71,Sales
449,AaeXxXl,43,85836.74,Marketing
450,AMcscjV,60,96400.87,HR
451,gENQJpj,62,49256.3,Engineering
452,JEQkmIt,55,108262.92,Engineering
453,IAkifDU,27,49650.05,Engineering
454,LOfDIRB,23,57494.96,Sales
455,DOxjlup,33,49238.74,Sales
456,vmGXBaB,67,61028.99,Finance
457,kSghCnB,59,39255.88,Marketing
458,uLsthkz,25,75075.07,Engineering
459,Sssepja,53,131987.83,HR
460,EWZBJyG,25,69794.62,Sales
461,KGVsQVv,64,130340.71,HR
462,FzHlxvR,57,58854.65,Engineering
463,WrMuGAd,66,40783.19,Finance
464,iMwlMZH,49,128526.95,Engineering
465,pKvAOcj,35,110482.89,HR
466,PuxEkEk,32,46374.37,Finance
467,MFeKGvs,61,115163.97,HR
468,ggyujwm,50,77875.1,Engineering
469,NjfHmkz,58,142550.0,Marketing
470,EZmUNWT,68,113154.26,Engineering
471,EkxYuSb,42,119886.32,Finance
472,TdYFWWP,21,56843.35,Finance
473,MASHJcG,42,122184.56,Marketing
474,CbfBzbA,26,38333.53,Sales
475,UEpqBwd,60,80152.9,HR
476,DOUupCn,48,81858.26,Finance
477,drJJDZs,37,137327.37,HR
478,ccbaIDr,31,72843.93,Engineering
479,VneMiBx,59,84997.43,Engineering
480,jdHbXcD,34,146108.78,HR
481,UXmrkyl,20,110893.04,HR
482,lVcPBVN,43,119033.27,HR
483,YeZLfvz,30,139236.31,HR
484,DBJksln,26,49762.92,Engineering
485,nNBrPqv,55,70159.02,Engineering
486,bjzGrZv,33,131059.02,Sales
487,WzKpmPg,21,133495.37,Marketing
488,AlARwCr,49,118182.95,HR
489,LCcjYSc,31,67162.27,Engineering
490,bFQEzPZ,63,147140.06,Finance
491,qjviZnP,48,45904.19,Engineering
492,eqbiHqY,41,127551.74,Marketing
493,AlvpLrR,36,138529.41,Engineering
494,KMEwQpX,48,110942.68,HR
495,WJkwbQi,40,63972.35,Engineering
496,zrXdkbS,52,65773.87,Finance
497,nXkHUuQ,36,33638.81,Engineering
498,BaXmDNB,36,111555.56,HR
499,DbSwmwk,60,112068.98,Sales
500,gvdCtPb,42,124862.47,HR
